{
  "target_sensor": "sensor_11",
  "feature_count": 16,
  "train_units": 80,
  "validation_units": 20,
  "baseline_mae": 0.2148757309941522,
  "baseline_rmse": 0.27191468784507966,
  "baseline_r2": -0.020820075933584814,
  "model_mae": 0.0896689663728806,
  "model_rmse": 0.1118349899242888,
  "model_mape": 0.1885597942001771,
  "model_r2": 0.8273210998008629
}